Student_ID,Name,Age,GPA,Attendance,Department,Salary,Attendence_Normalized,Salary_Standardized,Gender_Female,Gender_Male
STU001,Ahmad Khan,24.0,3.85,92.5,1,30000,0.8684210526315788,-1.826960238104674,0,1
STU002,Priya Sharma,24.0,3.45,88.0,0,52000,0.6315789473684212,0.584627276193496,1,0
STU004,Nisha Patel,24.0,4.0,95.0,2,48000,1.0,0.14615681904837421,1,0
STU005,Kumar Raj,24.0,3.67,76.0,1,60000,0.0,1.4615681904837396,0,1
STU006,Sara Ahmed,24.0,3.9,88.0,1,43000,0.6315789473684212,-0.40193125238302807,1,0
STU007,Mohamed Ali,45.0,2.8,85.0,1,47000,0.47368421052631593,0.03653920476209375,0,1
